[
  {
    "id": "6508c0fe-5119-421a-a315-742864a3ede9",
    "data": [
      {
        "text": "travail",
        "userDefined": false
      }
    ],
    "isTemplate": false,
    "count": 0,
    "updated": 1526217467
  },
  {
    "id": "f7f5bf0e-234d-4762-8c36-49ea4c6edc6a",
    "data": [
      {
        "text": "j\u0027ai besoin de travailler",
        "userDefined": false
      }
    ],
    "isTemplate": false,
    "count": 0,
    "updated": 1526217467
  },
  {
    "id": "a5e5663c-5dac-478f-a594-b792dbad16f2",
    "data": [
      {
        "text": "J\u0027aimerais travailler avec toi une présentation que je dois donner dans quelques jours",
        "userDefined": false
      }
    ],
    "isTemplate": false,
    "count": 0,
    "updated": 1526217467
  }
]