[
  {
    "id": "681ca9fc-2b66-4ca6-84df-c40ff6801565",
    "data": [
      {
        "text": "sur ",
        "userDefined": false
      },
      {
        "text": "les éléphants",
        "alias": "challenge-sujet",
        "meta": "@sys.any",
        "userDefined": true
      }
    ],
    "isTemplate": false,
    "count": 0,
    "updated": 1526214923
  },
  {
    "id": "fd35c26f-38bb-474d-bbd0-56f4ee1756b9",
    "data": [
      {
        "text": "le sujet est ",
        "userDefined": false
      },
      {
        "text": "les éléphants",
        "alias": "challenge-sujet",
        "meta": "@sys.any",
        "userDefined": true
      }
    ],
    "isTemplate": false,
    "count": 0,
    "updated": 1526214923
  },
  {
    "id": "2d0e7929-62fb-4d44-9efb-9f5effb8d280",
    "data": [
      {
        "text": "c\u0027est ",
        "userDefined": false
      },
      {
        "text": "les éléphants",
        "alias": "challenge-sujet",
        "meta": "@sys.any",
        "userDefined": true
      }
    ],
    "isTemplate": false,
    "count": 0,
    "updated": 1526214923
  },
  {
    "id": "f6ff0576-7d5f-48e4-902c-284a4191e68c",
    "data": [
      {
        "text": "mon sujet est ",
        "userDefined": false
      },
      {
        "text": "les éléphants",
        "alias": "challenge-sujet",
        "meta": "@sys.any",
        "userDefined": true
      }
    ],
    "isTemplate": false,
    "count": 0,
    "updated": 1526214923
  }
]