[
  {
    "id": "561da2c3-9788-4d3c-b747-2ab9d550663a",
    "data": [
      {
        "text": "Aux ",
        "userDefined": false
      },
      {
        "text": "étudiants",
        "alias": "public-pres",
        "meta": "@sys.any",
        "userDefined": true
      }
    ],
    "isTemplate": false,
    "count": 0,
    "updated": 1526201796
  },
  {
    "id": "a1d1dc7f-931d-4af1-990d-32cbbcb99e4b",
    "data": [
      {
        "text": "Les ",
        "userDefined": false
      },
      {
        "text": "étudiants du Centre de Recherche Interdisciplinaire",
        "alias": "public-pres",
        "meta": "@sys.any",
        "userDefined": true
      }
    ],
    "isTemplate": false,
    "count": 0,
    "updated": 1526201541
  },
  {
    "id": "9620507b-bc40-4b17-80b2-9ab43efda1c5",
    "data": [
      {
        "text": "je dois le présenter aux ",
        "userDefined": false
      },
      {
        "text": "étudiants du Centre de Recherche Interdisciplinaire",
        "alias": "public-pres",
        "meta": "@sys.any",
        "userDefined": true
      }
    ],
    "isTemplate": false,
    "count": 0,
    "updated": 1526201541
  }
]