[
  {
    "id": "c07607e9-27ba-4369-954f-8a22902890a6",
    "data": [
      {
        "text": "je suis ",
        "userDefined": false
      },
      {
        "text": "expert",
        "alias": "niveau",
        "meta": "@sys.any",
        "userDefined": true
      },
      {
        "text": " sur le sujet",
        "userDefined": false
      }
    ],
    "isTemplate": false,
    "count": 0,
    "updated": 1526203006
  },
  {
    "id": "e851c25f-3ea9-48f4-9835-0bece7215bf9",
    "data": [
      {
        "text": "mon niveau de connaissances est ",
        "userDefined": false
      },
      {
        "text": "intermédiare",
        "alias": "niveau",
        "meta": "@sys.any",
        "userDefined": true
      }
    ],
    "isTemplate": false,
    "count": 0,
    "updated": 1526203006
  },
  {
    "id": "aea26e01-56ee-45ff-86c9-896631a604f5",
    "data": [
      {
        "text": "novice",
        "alias": "niveau",
        "meta": "@sys.any",
        "userDefined": true
      }
    ],
    "isTemplate": false,
    "count": 0,
    "updated": 1526203006
  },
  {
    "id": "c991bf23-4bdc-4c49-85e6-e0aeece11fb7",
    "data": [
      {
        "text": "intermédiaire",
        "alias": "niveau",
        "meta": "@sys.any",
        "userDefined": true
      }
    ],
    "isTemplate": false,
    "count": 0,
    "updated": 1526203006
  },
  {
    "id": "f9c81d3c-4ef6-45ec-99de-4b0187e0142e",
    "data": [
      {
        "text": "Expert",
        "alias": "niveau",
        "meta": "@sys.any",
        "userDefined": true
      }
    ],
    "isTemplate": false,
    "count": 0,
    "updated": 1526203006
  }
]