[
  {
    "id": "a65d8220-b1ae-4039-b7d1-86eefbaab8e7",
    "data": [
      {
        "text": "fais-le",
        "userDefined": false
      }
    ],
    "isTemplate": false,
    "count": 2,
    "updated": 1526215633
  },
  {
    "id": "afddd263-e9e3-4673-8d81-aff0401e168b",
    "data": [
      {
        "text": "c\u0027est correct",
        "userDefined": false
      }
    ],
    "isTemplate": false,
    "count": 0,
    "updated": 1526215633
  },
  {
    "id": "ba1fcefa-c597-4938-a2f7-e8f5a4ae91cf",
    "data": [
      {
        "text": "d\u0027accord",
        "userDefined": false
      }
    ],
    "isTemplate": false,
    "count": 2,
    "updated": 1526215633
  },
  {
    "id": "1be53a0f-77d1-43a1-b119-b88dcd70cce7",
    "data": [
      {
        "text": "bien sûr",
        "userDefined": false
      }
    ],
    "isTemplate": false,
    "count": 1,
    "updated": 1526215633
  },
  {
    "id": "c2cfae21-761d-4f84-a63c-71f08f0fef44",
    "data": [
      {
        "text": "exactement",
        "userDefined": false
      }
    ],
    "isTemplate": false,
    "count": 1,
    "updated": 1526215633
  },
  {
    "id": "c8b2996c-dfee-467d-b144-14f5da4dcea9",
    "data": [
      {
        "text": "confirmer",
        "userDefined": false
      }
    ],
    "isTemplate": false,
    "count": 0,
    "updated": 1526215633
  },
  {
    "id": "164c0b0d-3554-4db0-a49c-7c360ddbcd51",
    "data": [
      {
        "text": "je suis d\u0027accord",
        "userDefined": false
      }
    ],
    "isTemplate": false,
    "count": 0,
    "updated": 1526215633
  },
  {
    "id": "1d8e7249-30c3-47b8-a75d-495434982631",
    "data": [
      {
        "text": "oui",
        "userDefined": false
      }
    ],
    "isTemplate": false,
    "count": 1,
    "updated": 1526215633
  },
  {
    "id": "8bf63dff-a099-4bb5-81a7-3010b792f03b",
    "data": [
      {
        "text": "ça me va",
        "userDefined": false
      }
    ],
    "isTemplate": false,
    "count": 1,
    "updated": 1526215633
  }
]