[
  {
    "id": "8a3b5763-8180-4eaf-b722-8fa48a4c3a93",
    "data": [
      {
        "text": "c\u0027est quand ",
        "userDefined": false
      },
      {
        "text": "une",
        "meta": "@sys.ignore",
        "userDefined": false
      },
      {
        "text": " innovation réponds aux besoins des personnes qui ne sont pas pris en compte habituellement afin de proposer des produits ou services performant mais accessibles",
        "userDefined": false
      }
    ],
    "isTemplate": false,
    "count": 0,
    "updated": 1526217742
  },
  {
    "id": "d028e4e3-1529-4785-a513-f239182ef98c",
    "data": [
      {
        "text": "c\u0027est quand ",
        "userDefined": false
      },
      {
        "text": "une",
        "meta": "@sys.ignore",
        "userDefined": false
      },
      {
        "text": " innovation réponds aux besoins des personnes qui ne sont pas pris en compte habituellement",
        "userDefined": false
      }
    ],
    "isTemplate": false,
    "count": 0,
    "updated": 1526217742
  },
  {
    "id": "88ca4ed1-d1a1-4d19-9ede-9f419152a110",
    "data": [
      {
        "text": "c\u0027est quand ",
        "userDefined": false
      },
      {
        "text": "une",
        "meta": "@sys.ignore",
        "userDefined": false
      },
      {
        "text": " innovation réponds aux besoins des personnes",
        "userDefined": false
      }
    ],
    "isTemplate": false,
    "count": 0,
    "updated": 1526217742
  },
  {
    "id": "ce721228-333a-4ff4-9209-874284322863",
    "data": [
      {
        "text": "proposer des produits performants mais accessibles",
        "userDefined": false
      }
    ],
    "isTemplate": false,
    "count": 0,
    "updated": 1526217742
  },
  {
    "id": "150e5239-ecc8-4f04-b586-fb2573808056",
    "data": [
      {
        "text": "adresse les besoins des personnes",
        "userDefined": false
      }
    ],
    "isTemplate": false,
    "count": 0,
    "updated": 1526217742
  },
  {
    "id": "d4e1d6f2-2e48-4146-ac3c-28c798814dd8",
    "data": [
      {
        "text": "l\u0027",
        "userDefined": false
      },
      {
        "text": "innovation inclusive",
        "meta": "@sys.ignore",
        "userDefined": false
      },
      {
        "text": " c\u0027est quand une innovation adresse les besoins des personnes qui ne sont pas prises en compte habituellement, afin de proposer des produits performants mais accessibles",
        "userDefined": false
      }
    ],
    "isTemplate": false,
    "count": 0,
    "updated": 1526217242
  }
]