[
  {
    "id": "6cceb7f0-7269-40a2-a120-5ca017d97fab",
    "data": [
      {
        "text": "fais-le",
        "userDefined": false
      }
    ],
    "isTemplate": false,
    "count": 2,
    "updated": 1526317664
  },
  {
    "id": "eb4c69a4-5436-4587-a954-0303937a0f82",
    "data": [
      {
        "text": "c\u0027est correct",
        "userDefined": false
      }
    ],
    "isTemplate": false,
    "count": 0,
    "updated": 1526317664
  },
  {
    "id": "29550a7d-0b71-46af-a60c-1091e7b8f243",
    "data": [
      {
        "text": "d\u0027accord",
        "userDefined": false
      }
    ],
    "isTemplate": false,
    "count": 2,
    "updated": 1526317664
  },
  {
    "id": "d9d8bb3f-161b-4f90-b521-ce3fd55d361f",
    "data": [
      {
        "text": "bien sûr",
        "userDefined": false
      }
    ],
    "isTemplate": false,
    "count": 1,
    "updated": 1526317664
  },
  {
    "id": "79981891-2e54-4353-b0a7-f9db34c7ac49",
    "data": [
      {
        "text": "exactement",
        "userDefined": false
      }
    ],
    "isTemplate": false,
    "count": 1,
    "updated": 1526317664
  },
  {
    "id": "df2743e2-7b76-49fc-a2f1-ed52be642e19",
    "data": [
      {
        "text": "confirmer",
        "userDefined": false
      }
    ],
    "isTemplate": false,
    "count": 0,
    "updated": 1526317664
  },
  {
    "id": "6e33b266-8436-48be-8002-ba94ec3a80f3",
    "data": [
      {
        "text": "je suis d\u0027accord",
        "userDefined": false
      }
    ],
    "isTemplate": false,
    "count": 0,
    "updated": 1526317664
  },
  {
    "id": "de8fb846-cc0d-4a4a-992e-c56e1a6c2c66",
    "data": [
      {
        "text": "oui",
        "userDefined": false
      }
    ],
    "isTemplate": false,
    "count": 1,
    "updated": 1526317664
  },
  {
    "id": "796def56-8cc3-4049-abe9-719bf7ad8fa0",
    "data": [
      {
        "text": "ça me va",
        "userDefined": false
      }
    ],
    "isTemplate": false,
    "count": 1,
    "updated": 1526317664
  }
]